slot_id,source_id,requested_sequence,capture_point,split_role,target_frames,continuous_fragment_min,required_strata,status,notes
RG24_01,railgoerl24,AUTO_SELECT_DISTINCT_SEQUENCE_01,Goerlitz_test_center_onboard,train_support,200,20,person_present|no_person_hard_negative|small_person|occlusion|entry_exit,PENDING_DOWNLOAD_AND_INVENTORY,Select non-overlapping source sequences; one scene per sequence.
RG24_02,railgoerl24,AUTO_SELECT_DISTINCT_SEQUENCE_02,Goerlitz_test_center_onboard,train_support,200,20,person_present|no_person_hard_negative|small_person|occlusion|entry_exit,PENDING_DOWNLOAD_AND_INVENTORY,Select non-overlapping source sequences; one scene per sequence.
RG24_03,railgoerl24,AUTO_SELECT_DISTINCT_SEQUENCE_03,Goerlitz_test_center_onboard,heldout,200,20,person_present|no_person_hard_negative|small_person|occlusion|entry_exit,PENDING_DOWNLOAD_AND_INVENTORY,Select non-overlapping source sequences; one scene per sequence.
RG24_04,railgoerl24,AUTO_SELECT_DISTINCT_SEQUENCE_04,Goerlitz_test_center_onboard,confirmation,200,20,person_present|no_person_hard_negative|small_person|occlusion|entry_exit,PENDING_DOWNLOAD_AND_INVENTORY,Select non-overlapping source sequences; one scene per sequence.
RE3D_00,raileye3d,red-00,Stockerau,train_support,200,20,person_present|no_person_hard_negative|small_person|occlusion|entry_exit,PENDING_ACCESS,Use at most one accepted scene per sequence; verify illumination metadata.
RE3D_01,raileye3d,red-01,Hausleiten,train_support,200,20,person_present|no_person_hard_negative|small_person|occlusion|entry_exit,PENDING_ACCESS,Use at most one accepted scene per sequence; verify illumination metadata.
RE3D_02,raileye3d,red-02,Absdorf-Hippersdorf,heldout,200,20,person_present|no_person_hard_negative|small_person|occlusion|entry_exit,PENDING_ACCESS,Use at most one accepted scene per sequence; verify illumination metadata.
RE3D_03,raileye3d,red-03,Kirchberg am Wagram,confirmation,200,20,person_present|no_person_hard_negative|small_person|occlusion|entry_exit,PENDING_ACCESS,Use at most one accepted scene per sequence; verify illumination metadata.
RE3D_04,raileye3d,red-04,Fels,train_support,200,20,person_present|no_person_hard_negative|small_person|occlusion|entry_exit,PENDING_ACCESS,Use at most one accepted scene per sequence; verify illumination metadata.
RE3D_06,raileye3d,red-06,Etsdorf-Strass,train_support,200,20,person_present|no_person_hard_negative|small_person|occlusion|entry_exit,PENDING_ACCESS,Use at most one accepted scene per sequence; verify illumination metadata.
